<?xml version="1.0" encoding="utf-8"?>
<PlayerProfiles xmlns:xsi="http://www.w3.org/2001/XMLSchema-instance" xmlns:xsd="http://www.w3.org/2001/XMLSchema" profileID="0" profileName="Demo player" levelProgress="0" enableSunShafts="true" enableBloom="true" enableVignetting="true" enableNoise="true" enableMusic="true" enableSounds="true">
  <lightWeapon>wpl_mng_standart</lightWeapon>
  <heavyWeapon>wph_ark_standart</heavyWeapon>
  <tesla>wpt_tesla</tesla>
  <shield>shd_rocket</shield>
  <module1>mdl_psv_shieldBooster</module1>
  <module2>mdl_act_nitro</module2>
  <stock>
    <item>wpl_mng_standart</item>
    <item>wpl_lsr_standart</item>
    <item>wph_plm_standart</item>
    <item>wph_rck_standart</item>
    <item>wph_ark_standart</item>
    <item>mdl_act_nitro</item>
    <item>mdl_psv_shieldBooster</item>
    <item>mdl_drn_repairer</item>
    <item>mdl_drn_fighter</item>
    <item>shd_rocket</item>
    <item>shd_reflection</item>
    <item>wpt_tesla</item>
  </stock>
</PlayerProfiles>